学号,姓名,年龄,性别,课程数量,课程1,成绩1,课程2,成绩2,课程3,成绩3,课程4,成绩4,课程5,成绩5,课程6,成绩6,课程7,成绩7,课程8,成绩8,课程9,成绩9,课程10,成绩10,总分,平均分
2021001,欧阳晨曦,19,M,6,数学,92.50,英语,88.00,语文,85.50,物理,90.00,化学,87.50,生物,89.00,,,,,,,,,532.50,88.75
2021002,司马雨萱,18,F,6,数学,89.00,英语,91.50,语文,88.00,政治,85.50,历史,87.00,地理,90.00,,,,,,,,,531.00,88.50
2021003,上官浩然,19,M,6,数学,95.00,英语,89.50,语文,87.00,物理,93.00,化学,91.50,生物,88.50,,,,,,,,,544.50,90.75
2021004,慕容诗涵,18,F,6,数学,87.50,英语,93.00,语文,90.50,政治,88.00,历史,89.50,地理,86.00,,,,,,,,,534.50,89.08
2021005,东方明轩,19,M,6,数学,91.00,英语,86.50,语文,84.00,物理,89.50,化学,88.00,生物,90.50,,,,,,,,,529.50,88.25
2021006,南宫雅琪,18,F,6,数学,88.50,英语,90.00,语文,92.00,政治,87.50,历史,85.00,地理,88.50,,,,,,,,,531.50,88.58
2021007,西门子轩,19,M,6,数学,93.50,英语,87.00,语文,86.50,物理,91.00,化学,89.50,生物,87.00,,,,,,,,,534.50,89.08
2021008,北冥若水,18,F,6,数学,86.00,英语,89.50,语文,91.50,政治,90.00,历史,88.50,地理,87.50,,,,,,,,,533.00,88.83
2021009,令狐冲天,19,M,6,数学,90.00,英语,88.50,语文,85.50,物理,88.00,化学,90.50,生物,89.50,,,,,,,,,532.00,88.67
2021010,独孤梦瑶,18,F,6,数学,89.50,英语,92.00,语文,88.50,政治,86.50,历史,90.00,地理,89.00,,,,,,,,,535.50,89.25
2021011,轩辕志远,19,M,6,数学,94.00,英语,85.50,语文,87.50,物理,92.50,化学,88.50,生物,91.00,,,,,,,,,539.00,89.83
2021012,公孙婉儿,18,F,6,数学,87.00,英语,91.00,语文,89.50,政治,88.50,历史,86.50,地理,91.50,,,,,,,,,534.00,89.00
2021013,夏侯俊杰,19,M,6,数学,89.50,英语,87.50,语文,86.00,物理,90.50,化学,87.00,生物,88.50,,,,,,,,,529.00,88.17
2021014,皇甫静雯,18,F,6,数学,90.50,英语,88.00,语文,90.00,政治,87.00,历史,89.50,地理,85.50,,,,,,,,,530.50,88.42
2021015,宇文博涛,19,M,6,数学,92.00,英语,89.00,语文,84.50,物理,89.00,化学,91.50,生物,87.50,,,,,,,,,533.50,88.92
2021016,完颜紫萱,18,F,6,数学,88.00,英语,90.50,语文,91.00,政治,89.00,历史,87.50,地理,88.00,,,,,,,,,534.00,89.00
2021017,赫连星辰,19,M,6,数学,91.50,英语,86.00,语文,88.00,物理,90.00,化学,89.00,生物,90.50,,,,,,,,,535.00,89.17
2021018,拓跋雨晴,18,F,6,数学,86.50,英语,92.50,语文,87.50,政治,90.50,历史,88.00,地理,86.50,,,,,,,,,531.50,88.58
2021019,尉迟浩宇,19,M,6,数学,93.00,英语,88.50,语文,85.00,物理,91.50,化学,88.00,生物,89.00,,,,,,,,,535.00,89.17
2021020,长孙梦琪,18,F,6,数学,89.00,英语,89.50,语文,90.50,政治,86.00,历史,90.50,地理,87.50,,,,,,,,,533.00,88.83
2021021,段干凌云,19,M,6,数学,90.50,英语,87.00,语文,86.50,物理,88.50,化学,90.00,生物,88.50,,,,,,,,,531.00,88.50
2021022,钟离雅欣,18,F,6,数学,87.50,英语,91.50,语文,88.00,政治,89.50,历史,85.50,地理,90.00,,,,,,,,,532.00,88.67
2021023,司徒天翔,19,M,6,数学,94.50,英语,86.50,语文,87.00,物理,92.00,化学,89.50,生物,87.00,,,,,,,,,536.50,89.42
2021024,诸葛慧敏,18,F,6,数学,88.50,英语,90.00,语文,89.00,政治,87.50,历史,88.50,地理,89.50,,,,,,,,,533.00,88.83
2021025,濮阳俊豪,19,M,6,数学,89.00,英语,88.00,语文,85.50,物理,89.50,化学,87.50,生物,90.00,,,,,,,,,529.50,88.25
2021026,端木晓雪,18,F,6,数学,90.00,英语,89.00,语文,91.50,政治,88.00,历史,86.50,地理,87.00,,,,,,,,,532.00,88.67
2021027,百里云帆,19,M,6,数学,91.00,英语,87.50,语文,84.00,物理,90.50,化学,88.50,生物,89.50,,,,,,,,,531.00,88.50
2021028,呼延若兰,18,F,6,数学,86.00,英语,92.00,语文,90.00,政治,89.00,历史,87.00,地理,88.50,,,,,,,,,532.50,88.75
2021029,闻人志强,19,M,6,数学,92.50,英语,85.50,语文,86.00,物理,91.00,化学,90.00,生物,86.50,,,,,,,,,531.50,88.58
2021030,第五梦洁,18,F,6,数学,88.00,英语,90.50,语文,88.50,政治,87.00,历史,89.00,地理,90.00,,,,,,,,,533.00,88.83
2021031,申屠浩然,19,M,6,数学,90.00,英语,88.00,语文,87.50,物理,89.00,化学,87.00,生物,91.00,,,,,,,,,532.50,88.75
2021032,公羊雅琳,18,F,6,数学,89.50,英语,88.50,语文,89.00,政治,90.00,历史,86.00,地理,88.00,,,,,,,,,531.00,88.50
2021033,夹谷星宇,19,M,6,数学,93.00,英语,86.00,语文,85.50,物理,90.50,化学,89.00,生物,88.00,,,,,,,,,532.00,88.67
2021034,谷梁诗雨,18,F,6,数学,87.00,英语,91.00,语文,90.50,政治,88.50,历史,87.50,地理,89.00,,,,,,,,,533.50,88.92
2021035,淳于天佑,19,M,6,数学,91.50,英语,87.00,语文,86.00,物理,88.50,化学,90.50,生物,87.50,,,,,,,,,531.00,88.50
2021036,单于雪儿,18,F,6,数学,88.50,英语,89.50,语文,91.00,政治,86.50,历史,88.00,地理,90.50,,,,,,,,,534.00,89.00
2021037,太叔明辉,19,M,6,数学,89.00,英语,88.50,语文,84.50,物理,91.00,化学,87.50,生物,89.50,,,,,,,,,530.00,88.33
2021038,鲜于婉清,18,F,6,数学,90.50,英语,87.00,语文,89.50,政治,89.00,历史,85.50,地理,87.50,,,,,,,,,529.00,88.17
2021039,左丘俊逸,19,M,6,数学,92.00,英语,85.00,语文,87.00,物理,89.50,化学,88.00,生物,90.00,,,,,,,,,531.50,88.58
2021040,漆雕梦涵,18,F,6,数学,86.50,英语,90.00,语文,88.00,政治,87.50,历史,89.50,地理,86.00,,,,,,,,,527.50,87.92
2021041,亓官浩天,19,M,6,数学,90.50,英语,86.50,语文,85.50,物理,88.00,化学,89.50,生物,88.00,,,,,,,,,528.00,88.00
2021042,巫马雅静,18,F,6,数学,89.00,英语,88.00,语文,90.00,政治,88.50,历史,86.50,地理,89.00,,,,,,,,,531.00,88.50
2021043,公西志豪,19,M,6,数学,91.00,英语,87.50,语文,86.00,物理,90.00,化学,87.00,生物,89.50,,,,,,,,,531.00,88.50
2021044,颛孙晓彤,18,F,6,数学,87.50,英语,91.50,语文,87.50,政治,89.00,历史,88.00,地理,87.00,,,,,,,,,530.50,88.42
2021045,壤驷星河,19,M,6,数学,93.50,英语,84.50,语文,88.00,物理,91.50,化学,88.50,生物,86.50,,,,,,,,,532.50,88.75
2021046,子车梦蝶,18,F,6,数学,88.00,英语,89.00,语文,89.50,政治,86.00,历史,90.00,地理,88.50,,,,,,,,,531.00,88.50
2021047,仲孙天翼,19,M,6,数学,89.50,英语,88.00,语文,85.00,物理,89.00,化学,90.00,生物,87.50,,,,,,,,,529.00,88.17
2021048,宗政雨薇,18,F,6,数学,90.00,英语,86.50,语文,90.50,政治,87.00,历史,85.00,地理,89.00,,,,,,,,,528.00,88.00
2021049,濮阳浩宇,19,M,6,数学,92.00,英语,87.00,语文,84.50,物理,90.50,化学,89.00,生物,88.00,,,,,,,,,531.00,88.50
2021050,东郭雅琪,18,F,6,数学,86.00,英语,92.00,语文,88.50,政治,88.00,历史,87.50,地理,90.00,,,,,,,,,532.00,88.67
2021051,南门志远,19,M,6,数学,91.50,英语,85.50,语文,86.50,物理,88.50,化学,87.50,生物,90.50,,,,,,,,,530.00,88.33
2021052,西门若水,18,F,6,数学,89.00,英语,88.50,语文,89.00,政治,89.50,历史,86.00,地理,87.00,,,,,,,,,529.00,88.17
2021053,北宫天佑,19,M,6,数学,90.00,英语,86.00,语文,87.50,物理,89.50,化学,88.00,生物,89.00,,,,,,,,,530.00,88.33
2021054,中山梦瑶,18,F,6,数学,87.50,英语,90.50,语文,86.50,政治,87.00,历史,89.00,地理,88.50,,,,,,,,,529.00,88.17
2021055,东野俊杰,19,M,6,数学,93.00,英语,84.00,语文,88.50,物理,91.00,化学,87.00,生物,88.50,,,,,,,,,532.00,88.67
2021056,南宫静雯,18,F,6,数学,88.50,英语,89.00,语文,90.00,政治,86.50,历史,88.50,地理,87.50,,,,,,,,,530.00,88.33
2021057,西野博涛,19,M,6,数学,89.00,英语,87.50,语文,85.50,物理,88.00,化学,90.50,生物,87.00,,,,,,,,,527.50,87.92
2021058,北野紫萱,18,F,6,数学,90.50,英语,85.00,语文,91.00,政治,88.00,历史,86.50,地理,89.00,,,,,,,,,530.00,88.33
2021059,中野星辰,19,M,6,数学,91.00,英语,86.50,语文,84.00,物理,90.00,化学,88.50,生物,89.50,,,,,,,,,529.50,88.25
2021060,东山雨晴,18,F,6,数学,86.50,英语,91.00,语文,88.00,政治,89.00,历史,87.00,地理,86.50,,,,,,,,,528.00,88.00
2021061,南山浩宇,19,M,6,数学,92.50,英语,85.00,语文,87.00,物理,89.50,化学,87.50,生物,90.00,,,,,,,,,531.50,88.58
2021062,西山梦琪,18,F,6,数学,89.00,英语,88.00,语文,89.50,政治,87.50,历史,90.00,地理,85.00,,,,,,,,,529.00,88.17
2021063,北山凌云,19,M,6,数学,90.00,英语,87.00,语文,86.00,物理,88.50,化学,89.00,生物,88.50,,,,,,,,,529.00,88.17
2021064,中山雅欣,18,F,6,数学,87.00,英语,90.00,语文,87.50,政治,88.00,历史,85.50,地理,90.50,,,,,,,,,528.50,88.08
2021065,东川天翔,19,M,6,数学,91.50,英语,84.50,语文,88.00,物理,90.50,化学,86.50,生物,89.00,,,,,,,,,530.00,88.33
2021066,南川慧敏,18,F,6,数学,88.00,英语,89.50,语文,86.00,政治,89.50,历史,87.50,地理,88.00,,,,,,,,,528.50,88.08
2021067,西川俊豪,19,M,6,数学,89.50,英语,86.00,语文,87.50,物理,87.00,化学,90.00,生物,87.50,,,,,,,,,527.50,87.92
2021068,北川晓雪,18,F,6,数学,90.00,英语,87.50,语文,90.50,政治,86.00,历史,88.00,地理,87.00,,,,,,,,,529.00,88.17
2021069,中川云帆,19,M,6,数学,92.00,英语,85.50,语文,85.00,物理,89.00,化学,88.00,生物,90.50,,,,,,,,,530.00,88.33
2021070,东海若兰,18,F,6,数学,86.50,英语,91.50,语文,88.50,政治,87.00,历史,89.50,地理,86.00,,,,,,,,,529.00,88.17
2021071,南海志强,19,M,6,数学,90.50,英语,86.00,语文,86.50,物理,88.00,化学,87.00,生物,91.00,,,,,,,,,529.00,88.17
2021072,西海梦洁,18,F,6,数学,89.00,英语,88.00,语文,89.00,政治,88.50,历史,86.50,地理,88.00,,,,,,,,,529.00,88.17
2021073,北海浩然,19,M,6,数学,91.00,英语,87.50,语文,84.50,物理,90.00,化学,89.50,生物,87.00,,,,,,,,,529.50,88.25
2021074,中海雅琳,18,F,6,数学,87.50,英语,90.00,语文,87.00,政治,89.00,历史,85.00,地理,89.50,,,,,,,,,528.00,88.00
2021075,东湖星宇,19,M,6,数学,93.00,英语,84.00,语文,87.50,物理,91.50,化学,86.00,生物,88.00,,,,,,,,,530.00,88.33
2021076,南湖诗雨,18,F,6,数学,88.50,英语,89.00,语文,88.00,政治,86.50,历史,88.50,地理,87.50,,,,,,,,,528.00,88.00
2021077,西湖天佑,19,M,6,数学,89.00,英语,87.00,语文,86.00,物理,88.50,化学,87.50,生物,90.00,,,,,,,,,528.00,88.00
2021078,北湖雪儿,18,F,6,数学,90.50,英语,85.50,语文,90.00,政治,87.50,历史,86.00,地理,88.50,,,,,,,,,528.00,88.00
2021079,中湖明辉,19,M,6,数学,91.50,英语,86.50,语文,85.50,物理,89.00,化学,88.50,生物,87.00,,,,,,,,,528.00,88.00
2021080,东江婉清,18,F,6,数学,86.00,英语,90.50,语文,89.00,政治,88.00,历史,87.50,地理,87.00,,,,,,,,,528.00,88.00
2021081,南江俊逸,19,M,6,数学,92.00,英语,85.00,语文,86.50,物理,90.50,化学,87.00,生物,87.00,,,,,,,,,528.00,88.00
2021082,西江梦涵,18,F,6,数学,89.50,英语,87.50,语文,88.50,政治,87.00,历史,89.00,地理,86.50,,,,,,,,,528.00,88.00
2021083,北江浩天,19,M,6,数学,90.00,英语,86.00,语文,87.00,物理,88.00,化学,89.50,生物,87.50,,,,,,,,,528.00,88.00
2021084,中江雅静,18,F,6,数学,87.00,英语,89.00,语文,86.50,政治,89.50,历史,85.50,地理,90.50,,,,,,,,,528.00,88.00
2021085,东河志豪,19,M,6,数学,91.00,英语,87.50,语文,85.00,物理,89.50,化学,86.50,生物,88.50,,,,,,,,,528.00,88.00
2021086,南河晓彤,18,F,6,数学,88.50,英语,88.00,语文,89.50,政治,86.00,历史,88.00,地理,88.00,,,,,,,,,528.00,88.00
2021087,西河星河,19,M,6,数学,89.00,英语,85.50,语文,86.50,物理,87.50,化学,90.00,生物,89.50,,,,,,,,,528.00,88.00
2021088,北河梦蝶,18,F,6,数学,90.00,英语,86.00,语文,87.00,政治,88.50,历史,86.50,地理,87.00,,,,,,,,,525.00,87.50
2021089,中河天翼,19,M,6,数学,92.50,英语,84.50,语文,88.00,物理,90.00,化学,85.50,生物,88.50,,,,,,,,,529.00,88.17
2021090,东林雨薇,18,F,6,数学,86.50,英语,90.00,语文,85.50,政治,87.50,历史,89.00,地理,86.50,,,,,,,,,525.00,87.50
2021091,南林浩宇,19,M,6,数学,90.50,英语,86.50,语文,84.00,物理,89.00,化学,87.50,生物,87.50,,,,,,,,,525.00,87.50
2021092,西林雅琪,18,F,6,数学,89.00,英语,87.00,语文,88.50,政治,86.50,历史,85.00,地理,89.00,,,,,,,,,525.00,87.50
2021093,北林志远,19,M,6,数学,91.00,英语,85.00,语文,87.00,物理,88.50,化学,86.00,生物,87.50,,,,,,,,,525.00,87.50
2021094,中林若水,18,F,6,数学,87.50,英语,88.50,语文,86.00,政治,88.00,历史,87.50,地理,87.50,,,,,,,,,525.00,87.50
2021095,东峰天佑,19,M,6,数学,93.00,英语,83.50,语文,88.50,物理,90.50,化学,84.50,生物,89.00,,,,,,,,,529.00,88.17
2021096,南峰梦瑶,18,F,6,数学,88.00,英语,89.50,语文,85.00,政治,89.00,历史,86.50,地理,86.00,,,,,,,,,524.00,87.33
2021097,西峰俊杰,19,M,6,数学,89.50,英语,86.00,语文,86.50,物理,87.00,化学,88.50,生物,86.50,,,,,,,,,524.00,87.33
2021098,北峰静雯,18,F,6,数学,90.00,英语,85.50,语文,87.50,政治,85.50,历史,88.00,地理,87.50,,,,,,,,,524.00,87.33
2021099,中峰博涛,19,M,6,数学,91.50,英语,84.00,语文,85.00,物理,89.00,化学,87.00,生物,87.50,,,,,,,,,524.00,87.33
2021100,东谷紫萱,18,F,6,数学,86.00,英语,90.00,语文,86.50,政治,87.00,历史,85.50,地理,89.00,,,,,,,,,524.00,87.33
2021101,南谷星辰,19,M,6,数学,92.00,英语,83.00,语文,87.50,物理,88.50,化学,85.00,生物,88.00,,,,,,,,,524.00,87.33
2021102,西谷雨晴,18,F,6,数学,89.50,英语,86.50,语文,84.50,政治,88.50,历史,86.00,地理,86.00,,,,,,,,,521.00,86.83
2021103,北谷浩宇,19,M,6,数学,90.00,英语,85.00,语文,86.00,物理,87.50,化学,86.50,生物,86.00,,,,,,,,,521.00,86.83
2021104,中谷梦琪,18,F,6,数学,87.00,英语,88.00,语文,85.50,政治,86.00,历史,87.50,地理,87.00,,,,,,,,,521.00,86.83
2021105,东岭凌云,19,M,6,数学,91.00,英语,84.50,语文,85.50,物理,88.00,化学,85.50,生物,86.50,,,,,,,,,521.00,86.83
2021106,南岭雅欣,18,F,6,数学,88.50,英语,87.50,语文,86.00,政治,85.50,历史,86.50,地理,87.00,,,,,,,,,521.00,86.83
2021107,西岭天翔,19,M,6,数学,89.00,英语,85.50,语文,84.00,物理,87.00,化学,87.00,生物,88.50,,,,,,,,,521.00,86.83
2021108,北岭慧敏,18,F,6,数学,90.50,英语,84.00,语文,87.00,政治,86.50,历史,85.00,地理,88.00,,,,,,,,,521.00,86.83
2021109,中岭俊豪,19,M,6,数学,92.50,英语,82.50,语文,86.50,物理,89.00,化学,84.00,生物,86.50,,,,,,,,,521.00,86.83
2021110,东坡晓雪,18,F,6,数学,85.50,英语,89.00,语文,84.00,政治,87.50,历史,86.00,地理,86.00,,,,,,,,,518.00,86.33
2021111,南坡云帆,19,M,6,数学,90.00,英语,84.00,语文,85.00,物理,86.50,化学,85.50,生物,87.00,,,,,,,,,518.00,86.33
2021112,西坡若兰,18,F,6,数学,88.00,英语,86.50,语文,85.50,政治,85.00,历史,87.00,地理,86.00,,,,,,,,,518.00,86.33
2021113,北坡志强,19,M,6,数学,89.50,英语,83.50,语文,84.50,物理,87.00,化学,86.00,生物,87.50,,,,,,,,,518.00,86.33
2021114,中坡梦洁,18,F,6,数学,87.50,英语,87.00,语文,84.00,政治,86.00,历史,85.50,地理,88.00,,,,,,,,,518.00,86.33
2021115,东溪浩然,19,M,6,数学,91.50,英语,82.00,语文,86.00,物理,88.50,化学,83.50,生物,86.50,,,,,,,,,518.00,86.33
2021116,南溪雅琳,18,F,6,数学,86.00,英语,88.50,语文,83.50,政治,86.50,历史,85.00,地理,85.50,,,,,,,,,515.00,85.83
2021117,西溪星宇,19,M,6,数学,89.00,英语,84.00,语文,84.00,物理,86.00,化学,85.00,生物,87.00,,,,,,,,,515.00,85.83
2021118,北溪诗雨,18,F,6,数学,88.50,英语,85.50,语文,85.00,政治,84.50,历史,86.50,地理,85.00,,,,,,,,,515.00,85.83
2021119,中溪天佑,19,M,6,数学,90.00,英语,83.00,语文,83.50,物理,87.50,化学,84.00,生物,87.00,,,,,,,,,515.00,85.83
2021120,东泉雪儿,18,F,6,数学,87.00,英语,86.00,语文,84.50,政治,85.00,历史,84.50,地理,88.00,,,,,,,,,515.00,85.83
2021121,南泉明辉,19,M,6,数学,92.00,英语,81.50,语文,85.50,物理,88.00,化学,82.50,生物,85.50,,,,,,,,,515.00,85.83
2021122,西泉婉清,18,F,6,数学,85.50,英语,87.50,语文,83.00,政治,86.00,历史,85.00,地理,85.00,,,,,,,,,512.00,85.33
2021123,北泉俊逸,19,M,6,数学,88.50,英语,83.50,语文,84.00,物理,85.50,化学,84.50,生物,86.00,,,,,,,,,512.00,85.33
2021124,中泉梦涵,18,F,6,数学,87.50,英语,85.00,语文,84.50,政治,84.00,历史,85.50,地理,85.50,,,,,,,,,512.00,85.33
2021125,东池浩天,19,M,6,数学,89.00,英语,82.00,语文,83.00,物理,86.00,化学,84.00,生物,88.00,,,,,,,,,512.00,85.33
2021126,南池雅静,18,F,6,数学,86.50,英语,86.00,语文,83.50,政治,85.50,历史,84.00,地理,86.50,,,,,,,,,512.00,85.33
2021127,西池志豪,19,M,6,数学,90.50,英语,81.00,语文,84.50,物理,87.00,化学,83.00,生物,85.00,,,,,,,,,511.00,85.17
2021128,北池晓彤,18,F,6,数学,88.00,英语,84.50,语文,82.50,政治,85.00,历史,84.50,地理,86.50,,,,,,,,,511.00,85.17
2021129,中池星河,19,M,6,数学,87.50,英语,83.00,语文,83.50,物理,85.50,化学,84.50,生物,87.00,,,,,,,,,511.00,85.17
2021130,东湾梦蝶,18,F,6,数学,89.00,英语,83.50,语文,84.00,政治,84.00,历史,83.50,地理,87.00,,,,,,,,,511.00,85.17
2021131,南湾天翼,19,M,6,数学,91.00,英语,80.50,语文,85.00,物理,86.50,化学,82.00,生物,86.00,,,,,,,,,511.00,85.17
2021132,西湾雨薇,18,F,6,数学,85.00,英语,86.50,语文,82.00,政治,85.50,历史,84.00,地理,85.00,,,,,,,,,508.00,84.67
2021133,北湾浩宇,19,M,6,数学,88.00,英语,82.50,语文,83.00,物理,84.50,化学,83.50,生物,86.50,,,,,,,,,508.00,84.67
2021134,中湾雅琪,18,F,6,数学,87.50,英语,84.00,语文,83.50,政治,83.00,历史,84.50,地理,85.50,,,,,,,,,508.00,84.67
2021135,东港志远,19,M,6,数学,89.50,英语,81.00,语文,82.50,物理,85.00,化学,83.00,生物,87.00,,,,,,,,,508.00,84.67
2021136,南港若水,18,F,6,数学,86.00,英语,85.50,语文,82.00,政治,84.50,历史,83.00,地理,87.00,,,,,,,,,508.00,84.67
2021137,西港天佑,19,M,6,数学,90.00,英语,80.00,语文,84.00,物理,86.00,化学,81.50,生物,85.50,,,,,,,,,507.00,84.50
2021138,北港梦瑶,18,F,6,数学,88.50,英语,82.50,语文,83.00,政治,83.50,历史,83.50,地理,86.00,,,,,,,,,507.00,84.50
2021139,中港俊杰,19,M,6,数学,87.00,英语,82.00,语文,82.50,物理,84.00,化学,84.00,生物,87.50,,,,,,,,,507.00,84.50
2021140,东滩静雯,18,F,6,数学,89.00,英语,81.50,语文,83.50,政治,82.50,历史,84.00,地理,86.50,,,,,,,,,507.00,84.50
2021141,南滩博涛,19,M,6,数学,91.50,英语,79.50,语文,84.50,物理,85.50,化学,80.50,生物,85.50,,,,,,,,,506.50,84.42
2021142,西滩紫萱,18,F,6,数学,84.50,英语,85.00,语文,81.50,政治,84.00,历史,83.50,地理,85.00,,,,,,,,,503.50,83.92
2021143,北滩星辰,19,M,6,数学,87.50,英语,81.50,语文,82.00,物理,83.50,化学,83.00,生物,86.00,,,,,,,,,503.50,83.92
2021144,中滩雨晴,18,F,6,数学,86.50,英语,83.00,语文,82.50,政治,82.00,历史,83.50,地理,86.00,,,,,,,,,503.50,83.92
2021145,东岸浩宇,19,M,6,数学,88.00,英语,80.50,语文,81.50,物理,84.00,化学,82.50,生物,87.00,,,,,,,,,503.50,83.92
2021146,南岸梦琪,18,F,6,数学,85.50,英语,84.50,语文,81.00,政治,83.50,历史,82.00,地理,87.00,,,,,,,,,503.50,83.92
2021147,西岸凌云,19,M,6,数学,89.50,英语,79.00,语文,83.00,物理,85.00,化学,81.00,生物,85.00,,,,,,,,,502.50,83.75
2021148,北岸雅欣,18,F,6,数学,87.00,英语,82.00,语文,82.00,政治,81.50,历史,83.00,地理,86.00,,,,,,,,,501.50,83.58
2021149,中岸天翔,19,M,6,数学,86.00,英语,81.00,语文,81.50,物理,83.00,化学,82.50,生物,87.50,,,,,,,,,501.50,83.58
2021150,东滨慧敏,18,F,6,数学,88.50,英语,80.50,语文,82.50,政治,80.50,历史,82.50,地理,86.50,,,,,,,,,501.00,83.50
2021151,南滨俊豪,19,M,6,数学,90.00,英语,78.50,语文,83.50,物理,84.50,化学,79.50,生物,85.00,,,,,,,,,501.00,83.50
2021152,西滨晓雪,18,F,6,数学,84.00,英语,84.00,语文,80.50,政治,82.50,历史,82.00,地理,85.00,,,,,,,,,498.00,83.00
2021153,北滨云帆,19,M,6,数学,87.00,英语,80.00,语文,81.00,物理,82.50,化学,81.50,生物,86.00,,,,,,,,,498.00,83.00
2021154,中滨若兰,18,F,6,数学,86.00,英语,82.50,语文,81.50,政治,81.00,历史,81.50,地理,85.50,,,,,,,,,498.00,83.00
2021155,东浦志强,19,M,6,数学,88.50,英语,79.00,语文,80.50,物理,83.50,化学,80.50,生物,86.00,,,,,,,,,498.00,83.00
2021156,南浦梦洁,18,F,6,数学,85.50,英语,83.00,语文,80.00,政治,82.00,历史,81.00,地理,86.50,,,,,,,,,498.00,83.00
2021157,西浦浩然,19,M,6,数学,89.00,英语,78.00,语文,82.00,物理,84.00,化学,79.00,生物,84.50,,,,,,,,,496.50,82.75
2021158,北浦雅琳,18,F,6,数学,83.50,英语,83.50,语文,79.50,政治,81.50,历史,81.00,地理,84.00,,,,,,,,,493.00,82.17
2021159,中浦星宇,19,M,6,数学,86.50,英语,79.50,语文,80.00,物理,82.00,化学,80.00,生物,85.00,,,,,,,,,493.00,82.17
2021160,东洲诗雨,18,F,6,数学,85.00,英语,81.50,语文,80.50,政治,80.00,历史,80.50,地理,85.50,,,,,,,,,493.00,82.17
2021161,南洲天佑,19,M,6,数学,87.50,英语,78.50,语文,79.50,物理,83.00,化学,79.50,生物,85.00,,,,,,,,,493.00,82.17
2021162,西洲雪儿,18,F,6,数学,84.50,英语,82.00,语文,80.00,政治,80.50,历史,80.00,地理,86.00,,,,,,,,,493.00,82.17
2021163,北洲明辉,19,M,6,数学,88.00,英语,77.50,语文,81.00,物理,82.50,化学,78.50,生物,84.50,,,,,,,,,492.00,82.00
2021164,中洲婉清,18,F,6,数学,83.00,英语,82.50,语文,79.00,政治,81.00,历史,80.50,地理,84.00,,,,,,,,,490.00,81.67
2021165,东屿俊逸,19,M,6,数学,86.00,英语,78.00,语文,79.50,物理,81.50,化学,79.00,生物,84.50,,,,,,,,,488.50,81.42
2021166,南屿梦涵,18,F,6,数学,84.00,英语,81.00,语文,79.50,政治,79.50,历史,79.50,地理,85.00,,,,,,,,,488.50,81.42
2021167,西屿浩天,19,M,6,数学,87.00,英语,77.00,语文,80.00,物理,82.00,化学,78.00,生物,84.50,,,,,,,,,488.50,81.42
2021168,北屿雅静,18,F,6,数学,82.50,英语,81.50,语文,78.50,政治,80.00,历史,80.00,地理,84.00,,,,,,,,,486.50,81.08
2021169,中屿志豪,19,M,6,数学,85.50,英语,77.50,语文,78.50,物理,81.00,化学,78.50,生物,85.50,,,,,,,,,486.50,81.08
2021170,东礁晓彤,18,F,6,数学,83.50,英语,80.50,语文,79.00,政治,79.00,历史,79.00,地理,85.50,,,,,,,,,486.50,81.08
2021171,南礁星河,19,M,6,数学,86.50,英语,76.50,语文,79.50,物理,81.50,化学,77.50,生物,84.00,,,,,,,,,485.50,80.92
2021172,西礁梦蝶,18,F,6,数学,82.00,英语,81.00,语文,78.00,政治,79.50,历史,79.50,地理,84.50,,,,,,,,,484.50,80.75
2021173,北礁天翼,19,M,6,数学,85.00,英语,76.00,语文,78.00,物理,80.50,化学,77.00,生物,85.00,,,,,,,,,481.50,80.25
2021174,中礁雨薇,18,F,6,数学,81.50,英语,80.00,语文,78.50,政治,78.50,历史,78.50,地理,84.50,,,,,,,,,481.50,80.25
2021175,东渚浩宇,19,M,6,数学,84.50,英语,75.50,语文,77.50,物理,80.00,化学,76.50,生物,84.50,,,,,,,,,478.50,79.75
2021176,南渚雅琪,18,F,6,数学,80.50,英语,79.50,语文,77.50,政治,78.00,历史,78.00,地理,84.00,,,,,,,,,477.50,79.58
2021177,西渚志远,19,M,6,数学,83.50,英语,75.00,语文,77.00,物理,79.50,化学,76.00,生物,84.00,,,,,,,,,475.00,79.17
2021178,北渚若水,18,F,6,数学,80.00,英语,79.00,语文,77.00,政治,77.50,历史,77.50,地理,83.50,,,,,,,,,474.50,79.08
2021179,中渚天佑,19,M,6,数学,82.50,英语,74.50,语文,76.50,物理,79.00,化学,75.50,生物,83.50,,,,,,,,,471.50,78.58
2021180,东汀梦瑶,18,F,6,数学,79.50,英语,78.50,语文,76.50,政治,77.00,历史,77.00,地理,83.00,,,,,,,,,471.50,78.58
2021181,南汀俊杰,19,M,6,数学,81.50,英语,74.00,语文,76.00,物理,78.50,化学,75.00,生物,83.00,,,,,,,,,468.00,78.00
2021182,西汀静雯,18,F,6,数学,79.00,英语,78.00,语文,76.00,政治,76.50,历史,76.50,地理,82.50,,,,,,,,,468.50,78.08
2021183,北汀博涛,19,M,6,数学,80.50,英语,73.50,语文,75.50,物理,78.00,化学,74.50,生物,82.50,,,,,,,,,464.50,77.42
2021184,中汀紫萱,18,F,6,数学,78.50,英语,77.50,语文,75.50,政治,76.00,历史,76.00,地理,82.00,,,,,,,,,465.50,77.58
2021185,东沙星辰,19,M,6,数学,79.50,英语,73.00,语文,75.00,物理,77.50,化学,74.00,生物,82.00,,,,,,,,,461.00,76.83
2021186,南沙雨晴,18,F,6,数学,78.00,英语,77.00,语文,75.00,政治,75.50,历史,75.50,地理,81.50,,,,,,,,,462.50,77.08
2021187,西沙浩宇,19,M,6,数学,78.50,英语,72.50,语文,74.50,物理,77.00,化学,73.50,生物,81.50,,,,,,,,,457.50,76.25
2021188,北沙梦琪,18,F,6,数学,77.50,英语,76.50,语文,74.50,政治,75.00,历史,75.00,地理,81.00,,,,,,,,,459.50,76.58
2021189,中沙凌云,19,M,6,数学,77.50,英语,72.00,语文,74.00,物理,76.50,化学,73.00,生物,81.00,,,,,,,,,454.00,75.67
2021190,东滩雅欣,18,F,6,数学,77.00,英语,76.00,语文,74.00,政治,74.50,历史,74.50,地理,80.50,,,,,,,,,456.50,76.08
2021191,南滩天翔,19,M,6,数学,76.50,英语,71.50,语文,73.50,物理,76.00,化学,72.50,生物,80.50,,,,,,,,,450.50,75.08
2021192,西滩慧敏,18,F,6,数学,76.50,英语,75.50,语文,73.50,政治,74.00,历史,74.00,地理,80.00,,,,,,,,,453.50,75.58
2021193,北滩俊豪,19,M,6,数学,75.50,英语,71.00,语文,73.00,物理,75.50,化学,72.00,生物,80.00,,,,,,,,,447.00,74.50
2021194,中滩晓雪,18,F,6,数学,76.00,英语,75.00,语文,73.00,政治,73.50,历史,73.50,地理,79.50,,,,,,,,,450.50,75.08
2021195,东洋云帆,19,M,6,数学,74.50,英语,70.50,语文,72.50,物理,75.00,化学,71.50,生物,79.50,,,,,,,,,443.50,73.92
2021196,南洋若兰,18,F,6,数学,75.50,英语,74.50,语文,72.50,政治,73.00,历史,73.00,地理,79.00,,,,,,,,,447.50,74.58
2021197,西洋志强,19,M,6,数学,73.50,英语,70.00,语文,72.00,物理,74.50,化学,71.00,生物,79.00,,,,,,,,,440.00,73.33
2021198,北洋梦洁,18,F,6,数学,75.00,英语,74.00,语文,72.00,政治,72.50,历史,72.50,地理,78.50,,,,,,,,,444.50,74.08
2021199,中洋浩然,19,M,6,数学,72.50,英语,69.50,语文,71.50,物理,74.00,化学,70.50,生物,78.50,,,,,,,,,436.50,72.75
2021200,东海雅琳,18,F,6,数学,74.50,英语,73.50,语文,71.50,政治,72.00,历史,72.00,地理,78.00,,,,,,,,,441.50,73.58
2021201,南海星宇,19,M,6,数学,71.50,英语,69.00,语文,71.00,物理,73.50,化学,70.00,生物,78.00,,,,,,,,,433.00,72.17
2021202,西海诗雨,18,F,6,数学,74.00,英语,73.00,语文,71.00,政治,71.50,历史,71.50,地理,77.50,,,,,,,,,438.50,73.08
2021203,北海天佑,19,M,6,数学,70.50,英语,68.50,语文,70.50,物理,73.00,化学,69.50,生物,77.50,,,,,,,,,429.50,71.58
2021204,中海雪儿,18,F,6,数学,73.50,英语,72.50,语文,70.50,政治,71.00,历史,71.00,地理,77.00,,,,,,,,,435.50,72.58
2021205,东湖明辉,19,M,6,数学,69.50,英语,68.00,语文,70.00,物理,72.50,化学,69.00,生物,77.00,,,,,,,,,426.00,71.00
2021206,南湖婉清,18,F,6,数学,73.00,英语,72.00,语文,70.00,政治,70.50,历史,70.50,地理,76.50,,,,,,,,,432.50,72.08
2021207,西湖俊逸,19,M,6,数学,68.50,英语,67.50,语文,69.50,物理,72.00,化学,68.50,生物,76.50,,,,,,,,,422.50,70.42
2021208,北湖梦涵,18,F,6,数学,72.50,英语,71.50,语文,69.50,政治,70.00,历史,70.00,地理,76.00,,,,,,,,,429.50,71.58
2021209,中湖浩天,19,M,6,数学,67.50,英语,67.00,语文,69.00,物理,71.50,化学,68.00,生物,76.00,,,,,,,,,419.00,69.83
2021210,东江雅静,18,F,6,数学,72.00,英语,71.00,语文,69.00,政治,69.50,历史,69.50,地理,75.50,,,,,,,,,426.50,71.08
2021211,南江志豪,19,M,6,数学,66.50,英语,66.50,语文,68.50,物理,71.00,化学,67.50,生物,75.50,,,,,,,,,415.50,69.25
2021212,西江晓彤,18,F,6,数学,71.50,英语,70.50,语文,68.50,政治,69.00,历史,69.00,地理,75.00,,,,,,,,,423.50,70.58
2021213,北江星河,19,M,6,数学,65.50,英语,66.00,语文,68.00,物理,70.50,化学,67.00,生物,75.00,,,,,,,,,412.00,68.67
2021214,中江梦蝶,18,F,6,数学,71.00,英语,70.00,语文,68.00,政治,68.50,历史,68.50,地理,74.50,,,,,,,,,420.50,70.08
2021215,东河天翼,19,M,6,数学,64.50,英语,65.50,语文,67.50,物理,70.00,化学,66.50,生物,74.50,,,,,,,,,408.50,68.08
2021216,南河雨薇,18,F,6,数学,70.50,英语,69.50,语文,67.50,政治,68.00,历史,68.00,地理,74.00,,,,,,,,,417.50,69.58
2021217,西河浩宇,19,M,6,数学,63.50,英语,65.00,语文,67.00,物理,69.50,化学,66.00,生物,74.00,,,,,,,,,405.00,67.50
2021218,北河雅琪,18,F,6,数学,70.00,英语,69.00,语文,67.00,政治,67.50,历史,67.50,地理,73.50,,,,,,,,,414.50,69.08
2021219,中河志远,19,M,6,数学,62.50,英语,64.50,语文,66.50,物理,69.00,化学,65.50,生物,73.50,,,,,,,,,401.50,66.92
2021220,东林若水,18,F,6,数学,69.50,英语,68.50,语文,66.50,政治,67.00,历史,67.00,地理,73.00,,,,,,,,,411.50,68.58
2021221,南林天佑,19,M,6,数学,61.50,英语,64.00,语文,66.00,物理,68.50,化学,65.00,生物,73.00,,,,,,,,,398.00,0.00
2021222,西林雅静,18,F,6,数学,68.50,英语,67.50,语文,66.00,政治,66.50,历史,66.50,地理,72.50,,,,,,,,,407.50,67.92
2021223,北林志豪,19,M,6,数学,60.50,英语,63.50,语文,65.50,物理,68.00,化学,64.50,生物,72.50,,,,,,,,,394.50,65.75
2021224,中林晓彤,18,F,6,数学,68.00,英语,67.00,语文,65.50,政治,66.00,历史,66.00,地理,72.00,,,,,,,,,404.50,67.42
2021225,东峰星河,19,M,6,数学,59.50,英语,63.00,语文,65.00,物理,67.50,化学,64.00,生物,72.00,,,,,,,,,391.00,65.17
2021226,南峰梦蝶,18,F,6,数学,67.50,英语,66.50,语文,65.00,政治,65.50,历史,65.50,地理,71.50,,,,,,,,,401.50,66.92
2021227,西峰天翼,19,M,6,数学,58.50,英语,62.50,语文,64.50,物理,67.00,化学,63.50,生物,71.50,,,,,,,,,387.50,64.58
2021228,北峰雨薇,18,F,6,数学,67.00,英语,66.00,语文,64.50,政治,65.00,历史,65.00,地理,71.00,,,,,,,,,398.50,66.42
2021229,中峰浩宇,19,M,6,数学,57.50,英语,62.00,语文,64.00,物理,66.50,化学,63.00,生物,71.00,,,,,,,,,384.00,64.00
2021230,东谷雅琪,18,F,6,数学,66.50,英语,65.50,语文,64.00,政治,64.50,历史,64.50,地理,70.50,,,,,,,,,395.50,65.92
2021231,南谷志远,19,M,6,数学,56.50,英语,61.50,语文,63.50,物理,66.00,化学,62.50,生物,70.50,,,,,,,,,380.50,63.42
2021232,西谷若水,18,F,6,数学,66.00,英语,65.00,语文,63.50,政治,64.00,历史,64.00,地理,70.00,,,,,,,,,392.50,65.42
2021233,北谷天佑,19,M,6,数学,55.50,英语,61.00,语文,63.00,物理,65.50,化学,62.00,生物,70.00,,,,,,,,,377.00,62.83
2021234,中谷梦瑶,18,F,6,数学,65.50,英语,64.50,语文,63.00,政治,63.50,历史,63.50,地理,69.50,,,,,,,,,389.50,64.92
2021235,东岭俊杰,19,M,6,数学,54.50,英语,60.50,语文,62.50,物理,65.00,化学,61.50,生物,69.50,,,,,,,,,373.50,62.25
2021236,南岭静雯,18,F,6,数学,65.00,英语,64.00,语文,62.50,政治,63.00,历史,63.00,地理,69.00,,,,,,,,,386.50,64.42
2021237,西岭博涛,19,M,6,数学,53.50,英语,60.00,语文,62.00,物理,64.50,化学,61.00,生物,69.00,,,,,,,,,370.00,61.67
2021238,北岭紫萱,18,F,6,数学,64.50,英语,63.50,语文,62.00,政治,62.50,历史,62.50,地理,68.50,,,,,,,,,383.50,63.92
2021239,中岭星辰,19,M,6,数学,52.50,英语,59.50,语文,61.50,物理,64.00,化学,60.50,生物,68.50,,,,,,,,,366.50,61.08
2021240,东坡雨晴,18,F,6,数学,64.00,英语,63.00,语文,61.50,政治,62.00,历史,62.00,地理,68.00,,,,,,,,,380.50,63.42
2021241,南坡浩宇,19,M,6,数学,51.50,英语,59.00,语文,61.00,物理,63.50,化学,60.00,生物,68.00,,,,,,,,,363.00,60.50
2021242,西坡梦琪,18,F,6,数学,63.50,英语,62.50,语文,61.00,政治,61.50,历史,61.50,地理,67.50,,,,,,,,,377.50,62.92
2021243,北坡凌云,19,M,6,数学,50.50,英语,58.50,语文,60.50,物理,63.00,化学,59.50,生物,67.50,,,,,,,,,359.50,59.92
2021244,中坡雅欣,18,F,6,数学,63.00,英语,62.00,语文,60.50,政治,61.00,历史,61.00,地理,67.00,,,,,,,,,374.50,62.42
2021245,东溪天翔,19,M,6,数学,49.50,英语,58.00,语文,60.00,物理,62.50,化学,59.00,生物,67.00,,,,,,,,,356.00,59.33
2021246,南溪慧敏,18,F,6,数学,62.50,英语,61.50,语文,60.00,政治,60.50,历史,60.50,地理,66.50,,,,,,,,,371.50,61.92
2021247,西溪俊豪,19,M,6,数学,48.50,英语,57.50,语文,59.50,物理,62.00,化学,58.50,生物,66.50,,,,,,,,,352.50,58.75
2021248,北溪晓雪,18,F,6,数学,62.00,英语,61.00,语文,59.50,政治,60.00,历史,60.00,地理,66.00,,,,,,,,,368.50,61.42
2021249,中溪云帆,19,M,6,数学,47.50,英语,57.00,语文,59.00,物理,61.50,化学,58.00,生物,66.00,,,,,,,,,349.00,58.17
2021250,东泉若兰,18,F,6,数学,61.50,英语,60.50,语文,59.00,政治,59.50,历史,59.50,地理,65.50,,,,,,,,,365.50,60.92
2021251,南泉志强,19,M,6,数学,46.50,英语,56.50,语文,58.50,物理,61.00,化学,57.50,生物,65.50,,,,,,,,,345.50,57.58
2021252,西泉梦洁,18,F,6,数学,61.00,英语,60.00,语文,58.50,政治,59.00,历史,59.00,地理,65.00,,,,,,,,,362.50,60.42
2021253,北泉浩然,19,M,6,数学,45.50,英语,56.00,语文,58.00,物理,60.50,化学,57.00,生物,65.00,,,,,,,,,342.00,57.00
2021254,中泉雅琳,18,F,6,数学,60.50,英语,59.50,语文,58.00,政治,58.50,历史,58.50,地理,64.50,,,,,,,,,359.50,59.92
2021255,东池星宇,19,M,6,数学,44.50,英语,55.50,语文,57.50,物理,60.00,化学,56.50,生物,64.50,,,,,,,,,338.50,56.42
2021256,南池诗雨,18,F,6,数学,60.00,英语,59.00,语文,57.50,政治,58.00,历史,58.00,地理,64.00,,,,,,,,,356.50,59.42
2021257,西池天佑,19,M,6,数学,43.50,英语,55.00,语文,57.00,物理,59.50,化学,56.00,生物,64.00,,,,,,,,,335.00,55.83
2021258,北池雪儿,18,F,6,数学,59.50,英语,58.50,语文,57.00,政治,57.50,历史,57.50,地理,63.50,,,,,,,,,353.50,58.92
2021259,中池明辉,19,M,6,数学,42.50,英语,54.50,语文,56.50,物理,59.00,化学,55.50,生物,63.50,,,,,,,,,331.50,55.25
2021260,东湾婉清,18,F,6,数学,59.00,英语,58.00,语文,56.50,政治,57.00,历史,57.00,地理,63.00,,,,,,,,,350.50,58.42
2021261,南湾俊逸,19,M,6,数学,41.50,英语,54.00,语文,56.00,物理,58.50,化学,55.00,生物,63.00,,,,,,,,,328.00,54.67
2021262,西湾梦涵,18,F,6,数学,58.50,英语,57.50,语文,56.00,政治,56.50,历史,56.50,地理,62.50,,,,,,,,,347.50,57.92
2021263,北湾浩天,19,M,6,数学,40.50,英语,53.50,语文,55.50,物理,58.00,化学,54.50,生物,62.50,,,,,,,,,324.50,54.08
2021264,中湾雅静,18,F,6,数学,58.00,英语,57.00,语文,55.50,政治,56.00,历史,56.00,地理,62.00,,,,,,,,,344.50,57.42
2021265,东港志豪,19,M,6,数学,39.50,英语,53.00,语文,55.00,物理,57.50,化学,54.00,生物,62.00,,,,,,,,,321.00,53.50
2021266,南港晓彤,18,F,6,数学,57.50,英语,56.50,语文,55.00,政治,55.50,历史,55.50,地理,61.50,,,,,,,,,341.50,56.92
2021267,西港星河,19,M,6,数学,38.50,英语,52.50,语文,54.50,物理,57.00,化学,53.50,生物,61.50,,,,,,,,,317.50,52.92
2021268,北港梦蝶,18,F,6,数学,57.00,英语,56.00,语文,54.50,政治,55.00,历史,55.00,地理,61.00,,,,,,,,,338.50,56.42
2021269,中港天翼,19,M,6,数学,37.50,英语,52.00,语文,54.00,物理,56.50,化学,53.00,生物,61.00,,,,,,,,,314.00,52.33
2021270,东滩雨薇,18,F,6,数学,56.50,英语,55.50,语文,54.00,政治,54.50,历史,54.50,地理,60.50,,,,,,,,,335.50,55.92
2021271,南滩浩宇,19,M,6,数学,36.50,英语,51.50,语文,53.50,物理,56.00,化学,52.50,生物,60.50,,,,,,,,,310.50,51.75
2021272,西滩雅琪,18,F,6,数学,56.00,英语,55.00,语文,53.50,政治,54.00,历史,54.00,地理,60.00,,,,,,,,,332.50,55.42
2021273,北滩志远,19,M,6,数学,35.50,英语,51.00,语文,53.00,物理,55.50,化学,52.00,生物,60.00,,,,,,,,,307.00,51.17
2021274,中滩若水,18,F,6,数学,55.50,英语,54.50,语文,53.00,政治,53.50,历史,53.50,地理,59.50,,,,,,,,,329.50,54.92
2021275,东岸天佑,19,M,6,数学,34.50,英语,50.50,语文,52.50,物理,55.00,化学,51.50,生物,59.50,,,,,,,,,303.50,50.58
2021276,南岸梦瑶,18,F,6,数学,55.00,英语,54.00,语文,52.50,政治,53.00,历史,53.00,地理,59.00,,,,,,,,,326.50,54.42
2021277,西岸俊杰,19,M,6,数学,33.50,英语,50.00,语文,52.00,物理,54.50,化学,51.00,生物,59.00,,,,,,,,,300.00,50.00
2021278,北岸静雯,18,F,6,数学,54.50,英语,53.50,语文,52.00,政治,52.50,历史,52.50,地理,58.50,,,,,,,,,323.50,53.92
2021279,中岸博涛,19,M,6,数学,32.50,英语,49.50,语文,51.50,物理,54.00,化学,50.50,生物,58.50,,,,,,,,,296.50,49.42
2021280,东滨紫萱,18,F,6,数学,54.00,英语,53.00,语文,51.50,政治,52.00,历史,52.00,地理,58.00,,,,,,,,,320.50,53.42
2021281,南滨星辰,19,M,6,数学,31.50,英语,49.00,语文,51.00,物理,53.50,化学,50.00,生物,58.00,,,,,,,,,293.00,48.83
2021282,西滨雨晴,18,F,6,数学,53.50,英语,52.50,语文,51.00,政治,51.50,历史,51.50,地理,57.50,,,,,,,,,317.50,52.92
2021283,北滨浩宇,19,M,6,数学,30.50,英语,48.50,语文,50.50,物理,53.00,化学,49.50,生物,57.50,,,,,,,,,289.50,48.25
2021284,中滨梦琪,18,F,6,数学,53.00,英语,52.00,语文,50.50,政治,51.00,历史,51.00,地理,57.00,,,,,,,,,314.50,52.42
2021285,东浦凌云,19,M,6,数学,29.50,英语,48.00,语文,50.00,物理,52.50,化学,49.00,生物,57.00,,,,,,,,,286.00,47.67
2021286,南浦雅欣,18,F,6,数学,52.50,英语,51.50,语文,50.00,政治,50.50,历史,50.50,地理,56.50,,,,,,,,,311.50,51.92
2021287,西浦天翔,19,M,6,数学,28.50,英语,47.50,语文,49.50,物理,52.00,化学,48.50,生物,56.50,,,,,,,,,282.50,47.08
2021288,北浦慧敏,18,F,6,数学,52.00,英语,51.00,语文,49.50,政治,50.00,历史,50.00,地理,56.00,,,,,,,,,308.50,51.42
2021289,中浦俊豪,19,M,6,数学,27.50,英语,47.00,语文,49.00,物理,51.50,化学,48.00,生物,56.00,,,,,,,,,279.00,46.50
2021290,东洲晓雪,18,F,6,数学,51.50,英语,50.50,语文,49.00,政治,49.50,历史,49.50,地理,55.50,,,,,,,,,305.50,50.92
2021291,南洲云帆,19,M,6,数学,26.50,英语,46.50,语文,48.50,物理,51.00,化学,47.50,生物,55.50,,,,,,,,,275.50,45.92
2021292,西洲若兰,18,F,6,数学,51.00,英语,50.00,语文,48.50,政治,49.00,历史,49.00,地理,55.00,,,,,,,,,302.50,50.42
2021293,北洲志强,19,M,6,数学,25.50,英语,46.00,语文,48.00,物理,50.50,化学,47.00,生物,55.00,,,,,,,,,272.00,45.33
2021294,中洲梦洁,18,F,6,数学,50.50,英语,49.50,语文,48.00,政治,48.50,历史,48.50,地理,54.50,,,,,,,,,299.50,49.92
2021295,东屿浩然,19,M,6,数学,24.50,英语,45.50,语文,47.50,物理,50.00,化学,46.50,生物,54.50,,,,,,,,,268.50,44.75
2021296,南屿雅琳,18,F,6,数学,50.00,英语,49.00,语文,47.50,政治,48.00,历史,48.00,地理,54.00,,,,,,,,,296.50,49.42
2021297,西屿星宇,19,M,6,数学,23.50,英语,45.00,语文,47.00,物理,49.50,化学,46.00,生物,54.00,,,,,,,,,265.00,44.17
2021298,北屿诗雨,18,F,6,数学,49.50,英语,48.50,语文,47.00,政治,47.50,历史,47.50,地理,53.50,,,,,,,,,293.50,48.92
2021299,中屿天佑,19,M,6,数学,22.50,英语,44.50,语文,46.50,物理,49.00,化学,45.50,生物,53.50,,,,,,,,,261.50,43.58
2021300,东礁雪儿,18,F,6,数学,49.00,英语,48.00,语文,46.50,政治,47.00,历史,47.00,地理,53.00,,,,,,,,,290.50,48.42
2021301,南礁明辉,19,M,6,数学,21.50,英语,44.00,语文,46.00,物理,48.50,化学,45.00,生物,53.00,,,,,,,,,258.00,43.00
2021302,西礁婉清,18,F,6,数学,48.50,英语,47.50,语文,46.00,政治,46.50,历史,46.50,地理,52.50,,,,,,,,,287.50,47.92
2021303,北礁俊逸,19,M,6,数学,20.50,英语,43.50,语文,45.50,物理,48.00,化学,44.50,生物,52.50,,,,,,,,,254.50,42.42
2021304,中礁梦涵,18,F,6,数学,48.00,英语,47.00,语文,45.50,政治,46.00,历史,46.00,地理,52.00,,,,,,,,,284.50,47.42
2021305,东渚浩天,19,M,6,数学,19.50,英语,43.00,语文,45.00,物理,47.50,化学,44.00,生物,52.00,,,,,,,,,251.00,41.83
2021306,南渚雅静,18,F,6,数学,47.50,英语,46.50,语文,45.00,政治,45.50,历史,45.50,地理,51.50,,,,,,,,,281.50,46.92
2021307,西渚志豪,19,M,6,数学,18.50,英语,42.50,语文,44.50,物理,47.00,化学,43.50,生物,51.50,,,,,,,,,247.50,41.25
2021308,北渚晓彤,18,F,6,数学,47.00,英语,46.00,语文,44.50,政治,45.00,历史,45.00,地理,51.00,,,,,,,,,278.50,46.42
2021309,中渚星河,19,M,6,数学,17.50,英语,42.00,语文,44.00,物理,46.50,化学,43.00,生物,51.00,,,,,,,,,244.00,40.67
2021310,东汀梦蝶,18,F,6,数学,46.50,英语,45.50,语文,44.00,政治,44.50,历史,44.50,地理,50.50,,,,,,,,,275.50,45.92
2021311,南汀天翼,19,M,6,数学,16.50,英语,41.50,语文,43.50,物理,46.00,化学,42.50,生物,50.50,,,,,,,,,240.50,40.08
2021312,西汀雨薇,18,F,6,数学,46.00,英语,45.00,语文,43.50,政治,44.00,历史,44.00,地理,50.00,,,,,,,,,272.50,45.42
2021313,北汀浩宇,19,M,6,数学,15.50,英语,41.00,语文,43.00,物理,45.50,化学,42.00,生物,50.00,,,,,,,,,237.00,39.50
2021314,中汀雅琪,18,F,6,数学,45.50,英语,44.50,语文,43.00,政治,43.50,历史,43.50,地理,49.50,,,,,,,,,269.50,44.92
2021315,东沙志远,19,M,6,数学,14.50,英语,40.50,语文,42.50,物理,45.00,化学,41.50,生物,49.50,,,,,,,,,233.50,38.92
2021316,南沙若水,18,F,6,数学,45.00,英语,44.00,语文,42.50,政治,43.00,历史,43.00,地理,49.00,,,,,,,,,266.50,44.42
2021317,西沙天佑,19,M,6,数学,13.50,英语,40.00,语文,42.00,物理,44.50,化学,41.00,生物,49.00,,,,,,,,,230.00,38.33
2021318,北沙梦瑶,18,F,6,数学,44.50,英语,43.50,语文,42.00,政治,42.50,历史,42.50,地理,48.50,,,,,,,,,263.50,43.92
2021319,中沙俊杰,19,M,6,数学,12.50,英语,39.50,语文,41.50,物理,44.00,化学,40.50,生物,48.50,,,,,,,,,226.50,37.75
2021320,东滩静雯,18,F,6,数学,44.00,英语,43.00,语文,41.50,政治,42.00,历史,42.00,地理,48.00,,,,,,,,,260.50,43.42
2021321,南滩博涛,19,M,6,数学,11.50,英语,39.00,语文,41.00,物理,43.50,化学,40.00,生物,48.00,,,,,,,,,223.00,37.17
2021322,西滩紫萱,18,F,6,数学,43.50,英语,42.50,语文,41.00,政治,41.50,历史,41.50,地理,47.50,,,,,,,,,257.50,42.92
2021323,北滩星辰,19,M,6,数学,10.50,英语,38.50,语文,40.50,物理,43.00,化学,39.50,生物,47.50,,,,,,,,,219.50,36.58
2021324,中滩雨晴,18,F,6,数学,43.00,英语,42.00,语文,40.50,政治,41.00,历史,41.00,地理,47.00,,,,,,,,,254.50,42.42
2021325,东洋浩宇,19,M,6,数学,9.50,英语,38.00,语文,40.00,物理,42.50,化学,39.00,生物,47.00,,,,,,,,,216.00,36.00
2021326,南洋梦琪,18,F,6,数学,42.50,英语,41.50,语文,40.00,政治,40.50,历史,40.50,地理,46.50,,,,,,,,,251.50,41.92
2021327,西洋凌云,19,M,6,数学,8.50,英语,37.50,语文,39.50,物理,42.00,化学,38.50,生物,46.50,,,,,,,,,212.50,35.42
2021328,北洋雅欣,18,F,6,数学,42.00,英语,41.00,语文,39.50,政治,40.00,历史,40.00,地理,46.00,,,,,,,,,248.50,41.42
2021329,中洋天翔,19,M,6,数学,7.50,英语,37.00,语文,39.00,物理,41.50,化学,38.00,生物,46.00,,,,,,,,,209.00,34.83
2021330,东海慧敏,18,F,6,数学,41.50,英语,40.50,语文,39.00,政治,39.50,历史,39.50,地理,45.50,,,,,,,,,245.50,40.92
2021331,南海俊豪,19,M,6,数学,6.50,英语,36.50,语文,38.50,物理,41.00,化学,37.50,生物,45.50,,,,,,,,,205.50,34.25
2021332,西海晓雪,18,F,6,数学,41.00,英语,40.00,语文,38.50,政治,39.00,历史,39.00,地理,45.00,,,,,,,,,242.50,40.42
2021333,北海云帆,19,M,6,数学,5.50,英语,36.00,语文,38.00,物理,40.50,化学,37.00,生物,45.00,,,,,,,,,202.00,33.67
2021334,中海若兰,18,F,6,数学,40.50,英语,39.50,语文,38.00,政治,38.50,历史,38.50,地理,44.50,,,,,,,,,239.50,39.92
2021335,东湖志强,19,M,6,数学,4.50,英语,35.50,语文,37.50,物理,40.00,化学,36.50,生物,44.50,,,,,,,,,198.50,33.08
2021336,南湖梦洁,18,F,6,数学,40.00,英语,39.00,语文,37.50,政治,38.00,历史,38.00,地理,44.00,,,,,,,,,236.50,39.42
2021337,西湖浩然,19,M,6,数学,3.50,英语,35.00,语文,37.00,物理,39.50,化学,36.00,生物,44.00,,,,,,,,,195.00,32.50
2021338,北湖雅琳,18,F,6,数学,39.50,英语,38.50,语文,37.00,政治,37.50,历史,37.50,地理,43.50,,,,,,,,,233.50,38.92
2021339,中湖星宇,19,M,6,数学,2.50,英语,34.50,语文,36.50,物理,39.00,化学,35.50,生物,43.50,,,,,,,,,191.50,31.92
2021340,东江诗雨,18,F,6,数学,39.00,英语,38.00,语文,36.50,政治,37.00,历史,37.00,地理,43.00,,,,,,,,,230.50,38.42
2021341,南江天佑,19,M,6,数学,1.50,英语,34.00,语文,36.00,物理,38.50,化学,35.00,生物,43.00,,,,,,,,,188.00,31.33
2021342,西江雪儿,18,F,6,数学,38.50,英语,37.50,语文,36.00,政治,36.50,历史,36.50,地理,42.50,,,,,,,,,227.50,37.92
2021343,北江明辉,19,M,6,数学,0.50,英语,33.50,语文,35.50,物理,38.00,化学,34.50,生物,42.50,,,,,,,,,184.50,30.75
2021344,中江婉清,18,F,6,数学,38.00,英语,37.00,语文,35.50,政治,36.00,历史,36.00,地理,42.00,,,,,,,,,224.50,37.42
2021345,东河俊逸,19,M,6,数学,85.00,英语,33.00,语文,35.00,物理,37.50,化学,34.00,生物,42.00,,,,,,,,,266.50,44.42
2021346,南河梦涵,18,F,6,数学,37.50,英语,36.50,语文,35.00,政治,35.50,历史,35.50,地理,41.50,,,,,,,,,221.50,36.92
2021347,西河浩天,19,M,6,数学,84.00,英语,32.50,语文,34.50,物理,37.00,化学,33.50,生物,41.50,,,,,,,,,263.00,43.83
2021348,北河雅静,18,F,6,数学,37.00,英语,36.00,语文,34.50,政治,35.00,历史,35.00,地理,41.00,,,,,,,,,218.50,36.42
2021349,中河志豪,19,M,6,数学,83.00,英语,32.00,语文,34.00,物理,36.50,化学,33.00,生物,41.00,,,,,,,,,259.50,43.25
2021350,东林晓彤,18,F,6,数学,36.50,英语,35.50,语文,34.00,政治,34.50,历史,34.50,地理,40.50,,,,,,,,,215.50,35.92
2021351,南林星河,19,M,6,数学,82.00,英语,31.50,语文,33.50,物理,36.00,化学,32.50,生物,40.50,,,,,,,,,256.00,42.67
2021352,西林梦蝶,18,F,6,数学,36.00,英语,35.00,语文,33.50,政治,34.00,历史,34.00,地理,40.00,,,,,,,,,212.50,35.42
2021353,北林天翼,19,M,6,数学,81.00,英语,31.00,语文,33.00,物理,35.50,化学,32.00,生物,40.00,,,,,,,,,252.50,42.08
2021354,中林雨薇,18,F,6,数学,35.50,英语,34.50,语文,33.00,政治,33.50,历史,33.50,地理,39.50,,,,,,,,,209.50,34.92
2021355,东峰浩宇,19,M,6,数学,80.00,英语,30.50,语文,32.50,物理,35.00,化学,31.50,生物,39.50,,,,,,,,,249.00,41.50
2021356,南峰雅琪,18,F,6,数学,35.00,英语,34.00,语文,32.50,政治,33.00,历史,33.00,地理,39.00,,,,,,,,,206.50,34.42
2021357,西峰志远,19,M,6,数学,79.00,英语,30.00,语文,32.00,物理,34.50,化学,31.00,生物,39.00,,,,,,,,,245.50,40.92
2021358,北峰若水,18,F,6,数学,34.50,英语,33.50,语文,32.00,政治,32.50,历史,32.50,地理,38.50,,,,,,,,,203.50,33.92
2021359,中峰天佑,19,M,6,数学,78.00,英语,29.50,语文,31.50,物理,34.00,化学,30.50,生物,38.50,,,,,,,,,242.00,40.33
2021360,东谷梦瑶,18,F,6,数学,34.00,英语,33.00,语文,31.50,政治,32.00,历史,32.00,地理,38.00,,,,,,,,,200.50,33.42
2021361,南谷俊杰,19,M,6,数学,77.00,英语,29.00,语文,31.00,物理,33.50,化学,30.00,生物,38.00,,,,,,,,,238.50,39.75
2021362,西谷静雯,18,F,6,数学,33.50,英语,32.50,语文,31.00,政治,31.50,历史,31.50,地理,37.50,,,,,,,,,197.50,32.92
2021363,北谷博涛,19,M,6,数学,76.00,英语,28.50,语文,30.50,物理,33.00,化学,29.50,生物,37.50,,,,,,,,,235.00,39.17
2021364,中谷紫萱,18,F,6,数学,33.00,英语,32.00,语文,30.50,政治,31.00,历史,31.00,地理,37.00,,,,,,,,,194.50,32.42
2021365,东岭星辰,19,M,6,数学,75.00,英语,28.00,语文,30.00,物理,32.50,化学,29.00,生物,37.00,,,,,,,,,231.50,38.58
2021366,南岭雨晴,18,F,6,数学,32.50,英语,31.50,语文,30.00,政治,30.50,历史,30.50,地理,36.50,,,,,,,,,191.50,31.92
2021367,西岭浩宇,19,M,6,数学,74.00,英语,27.50,语文,29.50,物理,32.00,化学,28.50,生物,36.50,,,,,,,,,228.00,38.00
2021368,北岭梦琪,18,F,6,数学,32.00,英语,31.00,语文,29.50,政治,30.00,历史,30.00,地理,36.00,,,,,,,,,188.50,31.42
2021369,中岭凌云,19,M,6,数学,73.00,英语,27.00,语文,29.00,物理,31.50,化学,28.00,生物,36.00,,,,,,,,,224.50,37.42
2021370,东坡雅欣,18,F,6,数学,31.50,英语,30.50,语文,29.00,政治,29.50,历史,29.50,地理,35.50,,,,,,,,,185.50,30.92
2021371,南坡天翔,19,M,6,数学,72.00,英语,26.50,语文,28.50,物理,31.00,化学,27.50,生物,35.50,,,,,,,,,221.00,36.83
2021372,西坡慧敏,18,F,6,数学,31.00,英语,30.00,语文,28.50,政治,29.00,历史,29.00,地理,35.00,,,,,,,,,182.50,30.42
2021373,北坡俊豪,19,M,6,数学,71.00,英语,26.00,语文,28.00,物理,30.50,化学,27.00,生物,35.00,,,,,,,,,217.50,36.25
2021374,中坡晓雪,18,F,6,数学,30.50,英语,29.50,语文,28.00,政治,28.50,历史,28.50,地理,34.50,,,,,,,,,179.50,29.92
2021375,东溪云帆,19,M,6,数学,70.00,英语,25.50,语文,27.50,物理,30.00,化学,26.50,生物,34.50,,,,,,,,,214.00,35.67
2021376,南溪若兰,18,F,6,数学,30.00,英语,29.00,语文,27.50,政治,28.00,历史,28.00,地理,34.00,,,,,,,,,176.50,29.42
2021377,西溪志强,19,M,6,数学,69.00,英语,25.00,语文,27.00,物理,29.50,化学,26.00,生物,34.00,,,,,,,,,210.50,35.08
2021378,北溪梦洁,18,F,6,数学,29.50,英语,28.50,语文,27.00,政治,27.50,历史,27.50,地理,33.50,,,,,,,,,173.50,28.92
2021379,中溪浩然,19,M,6,数学,68.00,英语,24.50,语文,26.50,物理,29.00,化学,25.50,生物,33.50,,,,,,,,,207.00,34.50
2021380,东泉雅琳,18,F,6,数学,29.00,英语,28.00,语文,26.50,政治,27.00,历史,27.00,地理,33.00,,,,,,,,,170.50,28.42
2021381,南泉星宇,19,M,6,数学,67.00,英语,24.00,语文,26.00,物理,28.50,化学,25.00,生物,33.00,,,,,,,,,203.50,33.92
2021382,西泉诗雨,18,F,6,数学,28.50,英语,27.50,语文,26.00,政治,26.50,历史,26.50,地理,32.50,,,,,,,,,167.50,27.92
2021383,北泉天佑,19,M,6,数学,66.00,英语,23.50,语文,25.50,物理,28.00,化学,24.50,生物,32.50,,,,,,,,,200.00,33.33
2021384,中泉雪儿,18,F,6,数学,28.00,英语,27.00,语文,25.50,政治,26.00,历史,26.00,地理,32.00,,,,,,,,,164.50,27.42
2021385,东池明辉,19,M,6,数学,65.00,英语,23.00,语文,25.00,物理,27.50,化学,24.00,生物,32.00,,,,,,,,,196.50,32.75
2021386,南池婉清,18,F,6,数学,27.50,英语,26.50,语文,25.00,政治,25.50,历史,25.50,地理,31.50,,,,,,,,,161.50,26.92
2021387,西池俊逸,19,M,6,数学,64.00,英语,22.50,语文,24.50,物理,27.00,化学,23.50,生物,31.50,,,,,,,,,193.00,32.17
2021388,北池梦涵,18,F,6,数学,27.00,英语,26.00,语文,24.50,政治,25.00,历史,25.00,地理,31.00,,,,,,,,,158.50,26.42
2021389,中池浩天,19,M,6,数学,63.00,英语,22.00,语文,24.00,物理,26.50,化学,23.00,生物,31.00,,,,,,,,,189.50,31.58
2021390,东湾雅静,18,F,6,数学,26.50,英语,25.50,语文,24.00,政治,24.50,历史,24.50,地理,30.50,,,,,,,,,155.50,25.92
2021391,南湾志豪,19,M,6,数学,62.00,英语,21.50,语文,23.50,物理,26.00,化学,22.50,生物,30.50,,,,,,,,,186.00,31.00
2021392,西湾晓彤,18,F,6,数学,26.00,英语,25.00,语文,23.50,政治,24.00,历史,24.00,地理,30.00,,,,,,,,,152.50,25.42
2021393,北湾星河,19,M,6,数学,61.00,英语,21.00,语文,23.00,物理,25.50,化学,22.00,生物,30.00,,,,,,,,,182.50,30.42
2021394,中湾梦蝶,18,F,6,数学,25.50,英语,24.50,语文,23.00,政治,23.50,历史,23.50,地理,29.50,,,,,,,,,149.50,24.92
2021395,东港天翼,19,M,6,数学,60.00,英语,20.50,语文,22.50,物理,25.00,化学,21.50,生物,29.50,,,,,,,,,179.00,29.83
2021396,南港雨薇,18,F,6,数学,25.00,英语,24.00,语文,22.50,政治,23.00,历史,23.00,地理,29.00,,,,,,,,,146.50,24.42
2021397,西港浩宇,19,M,6,数学,59.00,英语,20.00,语文,22.00,物理,24.50,化学,21.00,生物,29.00,,,,,,,,,175.50,29.25
2021398,北港雅琪,18,F,6,数学,24.50,英语,23.50,语文,22.00,政治,22.50,历史,22.50,地理,28.50,,,,,,,,,143.50,23.92
2021399,中港志远,19,M,6,数学,58.00,英语,19.50,语文,21.50,物理,24.00,化学,20.50,生物,28.50,,,,,,,,,172.00,28.67
2021400,东滩若水,18,F,6,数学,24.00,英语,23.00,语文,21.50,政治,22.00,历史,22.00,地理,28.00,,,,,,,,,140.50,23.42
2021401,南滩天佑,19,M,6,数学,57.00,英语,19.00,语文,21.00,物理,23.50,化学,20.00,生物,28.00,,,,,,,,,168.50,28.08
2021402,西滩梦瑶,18,F,6,数学,23.50,英语,22.50,语文,21.00,政治,21.50,历史,21.50,地理,27.50,,,,,,,,,137.50,22.92
2021403,北滩俊杰,19,M,6,数学,56.00,英语,18.50,语文,20.50,物理,23.00,化学,19.50,生物,27.50,,,,,,,,,165.00,27.50
2021404,中滩静雯,18,F,6,数学,23.00,英语,22.00,语文,20.50,政治,21.00,历史,21.00,地理,27.00,,,,,,,,,134.50,22.42
2021405,东岸博涛,19,M,6,数学,55.00,英语,18.00,语文,20.00,物理,22.50,化学,19.00,生物,27.00,,,,,,,,,161.50,26.92
2021406,南岸紫萱,18,F,6,数学,22.50,英语,21.50,语文,20.00,政治,20.50,历史,20.50,地理,26.50,,,,,,,,,131.50,21.92
2021407,西岸星辰,19,M,6,数学,54.00,英语,17.50,语文,19.50,物理,22.00,化学,18.50,生物,26.50,,,,,,,,,158.00,26.33
2021408,北岸雨晴,18,F,6,数学,22.00,英语,21.00,语文,19.50,政治,20.00,历史,20.00,地理,26.00,,,,,,,,,128.50,21.42
2021409,中岸浩宇,19,M,6,数学,53.00,英语,17.00,语文,19.00,物理,21.50,化学,18.00,生物,26.00,,,,,,,,,154.50,25.75
2021410,东滨梦琪,18,F,6,数学,21.50,英语,20.50,语文,19.00,政治,19.50,历史,19.50,地理,25.50,,,,,,,,,125.50,20.92
2021411,南滨凌云,19,M,6,数学,52.00,英语,16.50,语文,18.50,物理,21.00,化学,17.50,生物,25.50,,,,,,,,,151.00,25.17
2021412,西滨雅欣,18,F,6,数学,21.00,英语,20.00,语文,18.50,政治,19.00,历史,19.00,地理,25.00,,,,,,,,,122.50,20.42
2021413,北滨天翔,19,M,6,数学,51.00,英语,16.00,语文,18.00,物理,20.50,化学,17.00,生物,25.00,,,,,,,,,147.50,24.58
2021414,中滨慧敏,18,F,6,数学,20.50,英语,19.50,语文,18.00,政治,18.50,历史,18.50,地理,24.50,,,,,,,,,119.50,19.92
2021415,东浦俊豪,19,M,6,数学,50.00,英语,15.50,语文,17.50,物理,20.00,化学,16.50,生物,24.50,,,,,,,,,144.00,24.00
2021416,南浦晓雪,18,F,6,数学,20.00,英语,19.00,语文,17.50,政治,18.00,历史,18.00,地理,24.00,,,,,,,,,116.50,19.42
2021417,西浦云帆,19,M,6,数学,49.00,英语,15.00,语文,17.00,物理,19.50,化学,16.00,生物,24.00,,,,,,,,,140.50,23.42
2021418,北浦若兰,18,F,6,数学,19.50,英语,18.50,语文,17.00,政治,17.50,历史,17.50,地理,23.50,,,,,,,,,113.50,18.92
2021419,中浦志强,19,M,6,数学,48.00,英语,14.50,语文,16.50,物理,19.00,化学,15.50,生物,23.50,,,,,,,,,137.00,22.83
2021420,东洲梦洁,18,F,6,数学,19.00,英语,18.00,语文,16.50,政治,17.00,历史,17.00,地理,23.00,,,,,,,,,110.50,18.42
2021421,南洲浩然,19,M,6,数学,47.00,英语,14.00,语文,16.00,物理,18.50,化学,15.00,生物,23.00,,,,,,,,,133.50,22.25
2021422,西洲雅琳,18,F,6,数学,18.50,英语,17.50,语文,16.00,政治,16.50,历史,16.50,地理,22.50,,,,,,,,,107.50,17.92
2021423,北洲星宇,19,M,6,数学,46.00,英语,13.50,语文,15.50,物理,18.00,化学,14.50,生物,22.50,,,,,,,,,130.00,21.67
2021424,中洲诗雨,18,F,6,数学,18.00,英语,17.00,语文,15.50,政治,16.00,历史,16.00,地理,22.00,,,,,,,,,104.50,17.42
2021425,东屿天佑,19,M,6,数学,45.00,英语,13.00,语文,15.00,物理,17.50,化学,14.00,生物,22.00,,,,,,,,,126.50,21.08
2021426,南屿雪儿,18,F,6,数学,17.50,英语,16.50,语文,15.00,政治,15.50,历史,15.50,地理,21.50,,,,,,,,,101.50,16.92
2021427,西屿明辉,19,M,6,数学,44.00,英语,12.50,语文,14.50,物理,17.00,化学,13.50,生物,21.50,,,,,,,,,123.00,20.50
2021428,北屿婉清,18,F,6,数学,17.00,英语,16.00,语文,14.50,政治,15.00,历史,15.00,地理,21.00,,,,,,,,,98.50,16.42
2021429,中屿俊逸,19,M,6,数学,43.00,英语,12.00,语文,14.00,物理,16.50,化学,13.00,生物,21.00,,,,,,,,,119.50,19.92
2021430,东礁梦涵,18,F,6,数学,16.50,英语,15.50,语文,14.00,政治,14.50,历史,14.50,地理,20.50,,,,,,,,,95.50,15.92
2021431,南礁浩天,19,M,6,数学,42.00,英语,11.50,语文,13.50,物理,16.00,化学,12.50,生物,20.50,,,,,,,,,116.00,19.33
2021432,西礁雅静,18,F,6,数学,16.00,英语,15.00,语文,13.50,政治,14.00,历史,14.00,地理,20.00,,,,,,,,,92.50,15.42
2021433,北礁志豪,19,M,6,数学,41.00,英语,11.00,语文,13.00,物理,15.50,化学,12.00,生物,20.00,,,,,,,,,112.50,18.75
2021434,中礁晓彤,18,F,6,数学,15.50,英语,14.50,语文,13.00,政治,13.50,历史,13.50,地理,19.50,,,,,,,,,89.50,14.92
2021435,东渚星河,19,M,6,数学,40.00,英语,10.50,语文,12.50,物理,15.00,化学,11.50,生物,19.50,,,,,,,,,109.00,18.17
2021436,南渚梦蝶,18,F,6,数学,15.00,英语,14.00,语文,12.50,政治,13.00,历史,13.00,地理,19.00,,,,,,,,,86.50,14.42
2021437,西渚天翼,19,M,6,数学,39.00,英语,10.00,语文,12.00,物理,14.50,化学,11.00,生物,19.00,,,,,,,,,105.50,17.58
2021438,北渚雨薇,18,F,6,数学,14.50,英语,13.50,语文,12.00,政治,12.50,历史,12.50,地理,18.50,,,,,,,,,83.50,13.92
2021439,中渚浩宇,19,M,6,数学,38.00,英语,9.50,语文,11.50,物理,14.00,化学,10.50,生物,18.50,,,,,,,,,102.00,17.00
2021440,东汀雅琪,18,F,6,数学,14.00,英语,13.00,语文,11.50,政治,12.00,历史,12.00,地理,18.00,,,,,,,,,80.50,13.42
2021441,南汀志远,19,M,6,数学,37.00,英语,9.00,语文,11.00,物理,13.50,化学,10.00,生物,18.00,,,,,,,,,98.50,16.42
2021442,西汀若水,18,F,6,数学,13.50,英语,12.50,语文,11.00,政治,11.50,历史,11.50,地理,17.50,,,,,,,,,77.50,12.92
2021443,北汀天佑,19,M,6,数学,36.00,英语,8.50,语文,10.50,物理,13.00,化学,9.50,生物,17.50,,,,,,,,,95.00,15.83
2021444,中汀梦瑶,18,F,6,数学,13.00,英语,12.00,语文,10.50,政治,11.00,历史,11.00,地理,17.00,,,,,,,,,74.50,12.42
